{"nr. sessions": {"min": -2.9536942523474603, "max": 5.107539184552492}, "total km": {"min": -2.0250511089018715, "max": 9.856641839539968}, "km Z3-4": {"min": -0.5734425513790303, "max": 14.298993695957575}, "km Z5-T1-T2": {"min": -0.5917629229252217, "max": 29.908335116948038}, "km sprinting": {"min": -0.7239681364071932, "max": 42.31872625574813}, "strength training": {"min": -0.5761246407648938, "max": 24.939927826679853}, "hours alternative": {"min": -0.5993841662903084, "max": 16.854295552877502}, "perceived exertion": {"min": -2.3182036603206555, "max": 11.995560702588447}, "perceived trainingSuccess": {"min": -3.630210005420229, "max": 17.110288534188804}, "perceived recovery": {"min": -3.424587935617414, "max": 9.142316049704705}}